<?xml version="1.0" encoding="UTF-8"?>
<beans xmlns="http://www.springframework.org/schema/beans"
       xmlns:xsi="http://www.w3.org/2001/XMLSchema-instance"
       xmlns:context="http://www.springframework.org/schema/context"
       xmlns:mvc="http://www.springframework.org/schema/mvc"
       xsi:schemaLocation="
       		http://www.springframework.org/schema/beans
            http://www.springframework.org/schema/beans/spring-beans-4.3.xsd
            http://www.springframework.org/schema/context
            http://www.springframework.org/schema/context/spring-context-4.3.xsd
            http://www.springframework.org/schema/mvc
            http://www.springframework.org/schema/mvc/spring-mvc-4.3.xsd">                     
	 <mvc:annotation-driven />
     <!-- 静态资源处理 -->
     <mvc:default-servlet-handler />
     
     <!-- 拦截器 -->
     <mvc:interceptors>
     	<mvc:interceptor>
     		<mvc:mapping path="/**"/>
     		<!-- 
     		<mvc:exclude-mapping path="/assets/**"/>
     		-->
     		<mvc:exclude-mapping path="/login"/>
     		<mvc:exclude-mapping path="/index"/>
     		<mvc:exclude-mapping path="/register"/>
     		<bean class="com.finacialsys.interceptor.LoginInterceptor"/>
     	</mvc:interceptor>
     
     </mvc:interceptors>

	 <!-- 视图 -->
    <bean class="org.springframework.web.servlet.view.InternalResourceViewResolver">
    	<!-- 
    	<property name="viewClass" value="org.springframework.web.servlet.view.JstlView" />
	     -->
        <property name="prefix" value="/WEB-INF/views/"/>
        <property name="suffix" value=".jsp"/>
    </bean>
    
    <!-- 上传 -->
    <bean id="multipartResolver" class="org.springframework.web.multipart.commons.CommonsMultipartResolver">
    	<property name="resolveLazily" value="true" />
    	<property name="maxUploadSize" value="20971520" />
    	<property name="defaultEncoding" value="utf-8" />
    </bean>
    <context:component-scan base-package="com.finacialsys.controller" />
    
</beans>