<?xml version="1.0" encoding="UTF-8"?>
<!DOCTYPE mapper
  PUBLIC "-//mybatis.org//DTD Mapper 3.0//EN"
  "http://mybatis.org/dtd/mybatis-3-mapper.dtd">
<mapper namespace="com.finacialsys.mapper.IncomeMapper">
    
    <resultMap id="IncomeMap" type="Income">
		    <id property = "inID" column = "in_ID" />
		     <result property = "inMoney" column = "in_Money" />
		     <result property = "inTime" column = "in_Time" />
		     <result property = "inPlace" column = "in_Place" />
		     <result property = "inMessage" column = "in_Message" />
		   <association property="user" javaType="User">
             <id property = "userID" column = "user_ID" />		   
		     <result property = "userName" column = "user_Name" /> 
		   </association>
		      <association property="log" javaType="Log">
            <id property = "logID" column = "Log_ID" />		   
		     <result property = "logName" column = "Log_Name" />
	   </association>
	    <association property="incomegroup" javaType="IncomeGroup">
            <id property = "incomegroupID" column = "ingroup_ID" />		   
		     <result property = "incomegroupTime" column = "ingroup_Time" /> 
		     <result property = "incomegroupBrief" column = "ingroup_Brief" /> 
		     <result property = "incomegroupMsg" column = "ingroup_Msg" /> 
	   </association>
	</resultMap>
     
    <select id="findIncomeByID" parameterType = "string" resultMap="IncomeMap">
		SELECT 
		u.user_ID, u.user_Name,
		i.in_Money, i.in_Time, i.in_Place, i.in_Message, i.in_ID,
		l.Log_ID, l.Log_Name
		FROM 
		users u JOIN tb_income i
		ON
		u.user_ID = i.user_ID JOIN tb_log l
		ON
		i.Log_ID = l.Log_ID
		WHERE 
		u.user_ID = #{userID}
   </select> 
     <select id="findIncomeByPlan" parameterType = "int" resultMap="IncomeMap">
		select * from tb_income
		JOIN tb_plan 
		on tb_plan.plan_ID = tb_income.plan_ID
		where tb_income.plan_ID = #{planID}
   </select>
   
     <select id="showPage"  resultMap="IncomeMap">
  	select * from(
		SELECT 
		u.user_ID, u.user_Name,
		i.in_Money, i.in_Time, i.in_Place, i.in_Message, i.in_ID,
		l.Log_ID, l.Log_Name,
		g.ingroup_ID, g.ingroup_Brief
		FROM 
		users u JOIN tb_income i
		ON
		u.user_ID = i.user_ID JOIN tb_log l
		ON
		i.Log_ID = l.Log_ID JOIN tb_income_group g
		on i.ingroup_ID = g.ingroup_ID
		WHERE 
		u.user_ID = #{userID}
	) as b limit #{offset}, #{size}
  </select>
  
    <select id="showPageByID"  resultMap="IncomeMap">
  	select * from(
		SELECT 
		u.user_ID, u.user_Name,
		i.in_Money, i.in_Time, i.in_Place, i.in_Message, i.in_ID,
		l.Log_ID, l.Log_Name,
		g.ingroup_ID, g.ingroup_Brief
		FROM 
		users u JOIN tb_income i
		ON
		u.user_ID = i.user_ID JOIN tb_log l
		ON
		i.Log_ID = l.Log_ID JOIN tb_income_group g
		on i.ingroup_ID = g.ingroup_ID
		WHERE 
		u.user_ID = #{userID} and g.ingroup_ID = #{groupID}
	) as b limit #{offset}, #{size}
  </select>
   
   <resultMap id="ByInGroupMap" type="Income">
        <id property = "inID" column = "in_ID" />
	     <result property = "inMoney" column = "in_Money" />
	     <result property = "inTime" column = "in_Time" />
	     <result property = "inPlace" column = "in_Place" />
	     <result property = "inMessage" column = "in_Message" /> 
	   <association property="incomegroup" javaType="IncomeGroup">
            <id property = "incomegroupID" column = "ingroup_ID" />		   
		     <result property = "incomegroupTime" column = "ingroup_Time" /> 
		     <result property = "incomegroupBrief" column = "ingroup_Brief" /> 
		     <result property = "incomegroupMsg" column = "ingroup_Msg" /> 
	   </association>
  </resultMap>
  
  <select id="findIncomeByGroup" parameterType = "int" resultMap="IncomeMap"> 
        SELECT 
		u.user_ID, u.user_Name,
		i.in_Money, i.in_Time, i.in_Place, i.in_Message, i.in_ID,
		l.Log_ID, l.Log_Name,
		g.ingroup_ID, g.ingroup_Brief
		FROM 
		users u JOIN tb_income i
		ON
		u.user_ID = i.user_ID JOIN tb_log l
		ON
		i.Log_ID = l.Log_ID JOIN tb_income_group g
		on i.ingroup_ID = g.ingroup_ID
		WHERE 
        i.ingroup_ID = #{ingroupID}
  </select>
  
  <resultMap id="ByInLogMap" type="Income">
        <id property = "inID" column = "in_ID" />
	     <result property = "inMoney" column = "in_Money" />
	     <result property = "inTime" column = "in_Time" />
	     <result property = "inPlace" column = "in_Place" />
	     <result property = "inMessage" column = "in_Message" /> 
	   <association property="log" javaType="Log">
            <id property = "logID" column = "Log_ID" />		   
		     <result property = "logName" column = "Log_Name" />
	   </association>
  </resultMap>
  
  <select id="findIncomeByLog" parameterType = "Income" resultMap="ByInLogMap"> 
        SELECT 
        i.in_Money, i.in_Time, i.in_Place, i.in_Message,
        l.Log_ID, l.Log_Name,
        u.user_ID
        FROM
        tb_income i JOIN tb_log l
        ON
        i.Log_ID = l.Log_ID JOIN users u
        ON
        i.user_ID = u.user_ID
        WHERE
        i.Log_ID = #{log.logID} AND i.user_ID = #{user.userID}
  </select>
     
   <select id="countIncome" parameterType = "String" resultType="int"> 
        SELECT count(1)
        from tb_income
        where tb_income.user_ID = #{userID}
  </select>
  
   <select id="countByINGID"  resultType="int"> 
         SELECT count(1)
        from tb_income
        where tb_income.user_ID = #{userID} and tb_income.ingroup_ID = #{groupID}
  </select>
  
   <insert id="insertIncome" parameterType="Income">
        INSERT INTO tb_income (user_ID,ingroup_ID,Log_ID,plan_ID,in_Money,in_Time,in_Place,in_Message)
        VALUES (#{user.userID},#{incomegroup.incomegroupID},#{log.logID},#{plan.planID},#{inMoney},#{inTime},#{inPlace},#{inMessage})
  </insert>
  
  <delete id="deleteIncome" parameterType="int">
        DELETE FROM tb_income
        WHERE in_ID = #{inID}
  </delete>
  
  <update id="updateIncome" parameterType="Income">
        UPDATE tb_income
        SET
        ingroup_ID = #{incomegroup.incomegroupID},
        Log_ID = #{log.logID},
        plan_ID = #{plan.planID},
        in_Money = #{inMoney},
        in_Time = #{inTime},
        in_Place = #{inPlace},
        in_Message = #{inMessage}
        WHERE
        in_ID = #{inID};
  </update>
  
  <update id="resetIncomePlan" parameterType="int">
        UPDATE tb_income
        SET
        plan_ID = null
        WHERE
        plan_ID = #{planID};
  </update>
  



</mapper>